Contato,Apoio Áudio do Plenário
Contato,Assessoria Militar
Contato,Assessoria Militar Alojamento
Contato,Atendimento Telefônico - Pabx
Contato,Banco Brasil
Contato,Biblioteca
Contato,Centro de Educação Infantil
Contato,Controle Interno
Contato,Copa Bloco B - 1º Andar
Contato,Copa Bloco B - 2º Andar
Contato,Diretoria de Comunicação
Contato,"Diretoria de Governança, Planejamento e Gestão"
Contato,Diretoria Jurídica
Contato,Gabinete da Auditora Heloisa Helena
Contato,Gabinete da Conselheira Carla Santillo
Contato,Gabinete da Presidência
Contato,Gabinete da Procuradora Maisa de Castro
Contato,Gabinete do Auditor Claudio Andre Costa
Contato,Gabinete do Auditor Flávio Rodrigues
Contato,Gabinete do Auditor Henrique Cesar de Assunção Veras
Contato,Gabinete do Auditor Humberto Bosco Lustosa Barreira
Contato,Gabinete do Auditor Marcos Borges
Contato,Gabinete do Conselheiro Celmar Rech
Contato,Gabinete do Conselheiro Edson José Ferrari
Contato,Gabinete do Conselheiro Helder Valin Barbosa
Contato,Gabinete do Conselheiro Kennedy de Sousa Trindade
Contato,Gabinete do Conselheiro Saulo Marques Mesquita
Contato,Gabinete do Conselheiro Sebastião Tejota
Contato,Gabinete do Corregedor Geral
Contato,Gabinete do Procurador Carlos Rodrigues
Contato,Gabinete do Procurador Eduardo Luz
Contato,Gabinete do Procurador Fernando dos Santos
Contato,Gabinete do Procurador Geral de Contas
Contato,Gabinete do Procurador Silvestre Gomes
Contato,Garagem - Conselheiros
Contato,Gerência de Administração
Contato,Gerência de Comunicação e Controle
Contato,Gerência de Controle de Atos de Pessoal
Contato,Gerência de Controle de Contas
Contato,Gerência de Controle de Obras e Serviços de Engenharia
Contato,Gerência de Fiscalização
Contato,Gerência de Fiscalização - Área I
Contato,Gerência de Fiscalização - Área Ii
Contato,Gerência de Fiscalização - Área Iii
Contato,Gerência de Fiscalização - Área Iv
Contato,Gerência de Fiscalização - Área V
Contato,Gerência de Fiscalização - Área Vi
Contato,Gerência de Fiscalização - Área Vii
Contato,Gerência de Gestão de Pessoas
Contato,Gerência de Gestão Documental
Contato,Gerência de Orçamento e Finanças
Contato,Gerência de Registro e Jurisprudência
Contato,Gerência de Tecnologia da Informação
Contato,Guarita Principal
Contato,Instituto Leopoldo de Bulhões
Contato,Instituto Leopoldo de Bulhoes - Serv. Educação Corporativa
Contato,Ouvidoria
Contato,Plenário
Contato,Protocolo do Ministério Público de Contas
Contato,Sala de Ginastica Laboral
Contato,Sala de Reunião
Contato,Secretaria Administrativa
Contato,Secretaria de Controle Externo
Contato,Secretaria-Geral
Contato,Sercon - Sindicato dos Servidores do Tce
Contato,Serviço de Acompanhamento de Contratos
Contato,Serviço de Administração de Pessoal
Contato,Serviço de Análise de Editais e Projetos de Engenharia
Contato,Serviço de Análise Prévia de Editais e Licitação
Contato,Serviço de Arquivamento
Contato,Serviço de Assistência Plenário
Contato,Serviço de Avaliação Desempenho e Desenv de Politicas de Rh
Contato,Serviço de Bem Estar do Servidor
Contato,Serviço de Cerimonial e Relaçoes Institucionais
Contato,Serviço de Contas do Governo
Contato,Serviço de Contas dos Gestores
Contato,Serviço de Controle das Deliberações
Contato,Serviço de Fiscalização de Atos de Pessoal
Contato,Serviço de Fiscalização de Obras e Serviços de Engenharia
Contato,Serviço de Folha de Pagamento
Contato,Serviço de Gestao Estratégica Inovaçao e Riscos
Contato,Serviço de Informações Estratégicas
Contato,Serviço de Jurisprudência e Consolidação Normativa
Contato,Serviço de Licitações
Contato,Serviço de Logística
Contato,Serviço de Manutenção Predial e Paisagismo
Contato,Serviço de Material e Patrimônio / Almoxarifado
Contato,Serviço de Modernizaçao Organizacional
Contato,Serviço de Planejamento Orçamentário e Gestão Fiscal
Contato,Serviço de Protocolo e Remessas Postais
Contato,Serviço de Publicações e Comunicações
Contato,Serviço de Qualidade de Vida
Contato,Serviço de Registro
Contato,Serviço de Registro de Atos de Pessoal
Contato,Serviço de Sistemas de Informação
Contato,Serviço de Suporte Á Qualidade e Efetividade do Controle Ext
Contato,Serviço de Suporte Técnico e Infraestrutura
Contato,Serviços Gerais - Encadernação
Contato,Serviços Gerais - Impressão Gráfica
Contato,
Contato,
Contato,Tc. Coronel Anderson Efigênio de Almeida
Contato,Tc. Coronel Anderson Efigênio de Almeida
Contato,Tc. Coronel Anderson Efigênio de Almeida
Contato,Informações - Talita/Gabriela
Contato,Banco do Brasil
Contato,Carmen / Silvio
Contato,Jaqueline Nascimento
Contato,Marilia
Contato,Marilia
Contato,Eduardo / Gildomar
Contato,Eduardo / Gildomar
Contato,Lana Menezes de Castro
Contato,
Contato,
Contato,Copa - Garçons Gil e Marcos
Contato,Heloisa R. Lima
Contato,Imprensa Criação e Publicaçao
Contato,Imprensa Criação e Publicaçao
Contato,Recepção
Contato,"Tv, Ediçao e Rádio"
Contato,Recepção - Juliana Kava
Contato,Sérvio Túlio Teixeira e Silva
Contato,Assessoria
Contato,Assessoria
Contato,Assessoria
Contato,Recepção Andréa
Contato,Wandré Peixoto
Contato,Assessoria - Lueci
Contato,Assessoria - Rubia
Contato,Recepção
Contato,Assessoria Leopoldo e Rogério
Contato,Assessoria Leopoldo e Rogério
Contato,Recepção Eduarda/Afra
Contato,Recepção Maria José / Maria Rita
Contato,Maisa de Castro
Contato,Maisa de Castro
Contato,Assessoria
Contato,Assessoria
Contato,Recepção
Contato,Chefe Gabinete - Karol Gracchia
Contato,Recepção
Contato,Lorena
Contato,Recepção
Contato,Assessoria
Contato,Assessoria
Contato,Sonia
Contato,Assessoria
Contato,Assessoria
Contato,Recepção
Contato,Assessoria
Contato,Assessoria
Contato,Recepção Etelvina / Dione
Contato,Assessoria
Contato,Assessoria
Contato,Recepção
Contato,Assessoria
Contato,Assessoria Jonatan / Ricardo
Contato,Assessoria Jonatan / Ricardo
Contato,Recepção Juliana
Contato,Assessoria
Contato,Recepção Rejane
Contato,Assessoria Raquel/ Caio
Contato,Assessoria Raquel/ Caio
Contato,Recepção Erika / Simonia
Contato,Assessoria Juliana / Murilo
Contato,Assessoria Juliana / Murilo
Contato,Recepção
Contato,Recepção
Contato,Assessoria
Contato,Procurador Carlos Gustavo Silva Rodrigues
Contato,Assessoria
Contato,Eduardo Luz
Contato,Eduardo Luz
Contato,Fernando Carneiro
Contato,Fernando Carneiro
Contato,Recepção
Contato,Silvestre Gomes
Contato,Marcelo
Contato,Carlos Alberto de Almeida - Caiá
Contato,Igor/Denise
Contato,Maísa / Leonardo
Contato,Ricardo
Contato,Valeska Rodrigues da Cunha
Contato,Larissa Sampaio Barzellay
Contato,Larissa Sampaio Barzellay
Contato,Pedro Henrique Bastos
Contato,Laboratório Móvel - Daniel
Contato,Recepção
Contato,Ricardo de Souza Lobo
Contato,Amanda Fagundes Lima
Contato,Recepção
Contato,Recepção
Contato,Sala de Auditoria 1
Contato,Sala de Auditoria 2
Contato,Sala de Auditoria 2
Contato,Sala de Auditoria 3
Contato,Sala de Auditoria 4
Contato,Sala de Auditoria 5
Contato,Educação e Desenvolvimento Social- Ana Ribeiro Danin Santiago
Contato,Saúde - Valdeci José Caetano
Contato,Segurança Pública e Cidadania - Valdo Sousa Filho
Contato,Desenvolvimento Econômico I - Luciano Roque
Contato,Desenvolvimento Econômico Ii - Gabriela de Souza Figueiredo
Contato,Infraestrutura e Meio Ambiente - Gildeni Roberta Tibiriçá
Contato,Administração - Vera Núbia Zandonadi Gomes
Contato,Recepção
Contato,Renato / Rita
Contato,José de Anchieta Medeiros Alves
Contato,Recepção - Guiche Protocolo
Contato,Andre
Contato,Contabilidade Interna - Benjamim
Contato,Moab Nogueira
Contato,Rafael Nogueira
Contato,Murilo Castro Isaac
Contato,Licardino Siqueira Pires
Contato,
Contato,Adriano / Leonardo
Contato,Arédio
Contato,Bruna / Silvia
Contato,Jaqueline Nascimento
Contato,Maxivânia / Elciene
Contato,Ana Julia
Contato,Ana Julia
Contato,Sala Reunião Conselheiros
Contato,Recepção
Contato,Viviane Brum
Contato,Sala de Reunião - 1b
Contato,Sala de Reunião 1p-C
Contato,Sala de Reunião 3p-B
Contato,Cassio - Cinthya
Contato,Cassio - Suelen
Contato,Ana Paula de Araújo Rocha
Contato,Marcus Vinícius do Amaral
Contato,
Contato,Nilson Elias de Carvalho Júnior
Contato,Elaine Gonçalves Moraes
Contato,Recepção
Contato,Wilson Silva Júnior
Contato,Rodrigo Cruvinel Freitas
Contato,Rodrigo Cruvinel Freitas
Contato,Josimas Eugenio Silva
Contato,Marcus Vinícius do Amaral
Contato,Ana Tereza/Carmem
Contato,Angelica Sebba
Contato,Camila Savastano de Toledo
Contato,Recepção - Paula/Lara
Contato,Viviane - Ginástica Laboral
Contato,Airan Pucci
Contato,Airan Pucci
Contato,Gustavo Henrique de Faria
Contato,Juarez
Contato,Tomada de Contas Especiais - Tassianna Soares Pimentel
Contato,Gláucia Renata  de Souza
Contato,Gláucia Renata  de Souza
Contato,Kellen e Stainly
Contato,Edmilson Pinheiro Santana
Contato,Edmilson Pinheiro Santana
Contato,Wagner Eleutério Martins
Contato,Wagner Eleutério Martins
Contato,Celso Hiroki Sakuma
Contato,Fabiano Ribeiro Borges
Contato,Bruno Batista Carvalho Luz
Contato,Juliete / Maurício
Contato,Juliete / Maurício
Contato,Marcelo Augusto Pedreira Xavier
Contato,Ângela Cristina Lavall
Contato,Ângela Cristina Lavall
Contato,Arthur Eduardo Lopes da Silva
Contato,Arthur Eduardo Lopes da Silva
Contato,Márcio Vieira da Silva
Contato,Márcio Vieira da Silva
Contato,Pedro Henrique Mota Emiliano
Contato,Silvio Rubens de Souza Valadão
Contato,Silvio Rubens de Souza Valadão
Contato,Zaquia Sebba Carrijo
Contato,Rafael do Nascimento Moreira
Contato,Samuel Lopes de Souza
Contato,Valéria de Sousa Alves Castro
Contato,Consultório Dr. Cláudio
Contato,Consultório Dr. Cláudio
Contato,Dr. Alano (Mat.) e Dra. Camila (Vesp.)
Contato,Dr. Iron (Mat.) e Dr. João (Vesp.)
Contato,Dr. Rogério (Vesp.)
Contato,Dra. Adriana (Mat.) e Dr. Ricardo (Vesp.)
Contato,Matutino – Leninha e Eva Vespertino – Idelma e Giovana
Contato,Matutino – Leninha e Eva Vespertino – Idelma e Giovana
Contato,Geraldo Costa Ferreira Neto
Contato,Geraldo Costa Ferreira Neto
Contato,Denise / Ivo
Contato,Denise / Ivo
Contato,Lorena / Karine
Contato,Lorena / Karine
Contato,Paula Fernandes Corrêa
Contato,Bruno Henrique Oliveira Peixoto
Contato,Fernando Xavier da Silva
Contato,Vera Núbia
Contato,Leonardo Ruivo
Contato,Leonardo Ruivo
Contato,Silvio Rubens de Souza Valadão
Contato,Silvio Rubens de Souza Valadão
